CREATE DATABASE project;
USE project;


CREATE TABLE STUDENTS(
Fname VARCHAR(15) NOT NULL,
Sem INT NOT NULL,
Reg_No VARCHAR(10) NOT NULL,
Dept_Id INT NOT NULL
);

CREATE TABLE STAFF(
StaffName VARCHAR (15) NOT NULL,
Staff_Id INT NOT NULL,
password VARCHAR (20) NOT NULL,
Sub_Code VARCHAR(10) NOT NULL,
Dept_Id INT NOT NULL,
UNIQUE(Staff_Id)
);
CREATE TABLE ATTENDENCE(
Name VARCHAR(15) NOT NULL,
Reg_No VARCHAR(10) NOT NULL,
Attended INT NOT NULL,
MaximumClass INT NOT NULL
);

INSERT INTO STUDENTS VALUES('Darshan','6','370CS15007','21');
INSERT INTO STUDENTS VALUES('Abhishek','6','370CS16001','21');
INSERT INTO STUDENTS VALUES('Abhishek','6','370CS16002','21');
INSERT INTO STUDENTS VALUES('Afsana','6','370CS16003','21');
INSERT INTO STUDENTS VALUES('Akshata','6','370CS16004','21');
INSERT INTO STUDENTS VALUES('Anita','6','370CS16007','21');
INSERT INTO STUDENTS VALUES('Anusha','6','370CS16008','21');
INSERT INTO STUDENTS VALUES('Bhavya','6','370CS16009','21');
INSERT INTO STUDENTS VALUES('Chaitra','6','370CS16010','21');
INSERT INTO STUDENTS VALUES('Deepesh','6','370CS16011','21');
INSERT INTO STUDENTS VALUES('Divya','6','370CS16012','21');
INSERT INTO STUDENTS VALUES('Faizan','6','370CS16013','21');
INSERT INTO STUDENTS VALUES('Ideesh','6','370CS16016','21');
INSERT INTO STUDENTS VALUES('Kamala','6','370CS16017','21');
INSERT INTO STUDENTS VALUES('M','6','370CS16019','21');
INSERT INTO STUDENTS VALUES('Mahesh','6','370CS16020','21');
INSERT INTO STUDENTS VALUES('Malini','6','370CS16021','21');
INSERT INTO STUDENTS VALUES('Mamata','6','370CS16022','21');
INSERT INTO STUDENTS VALUES('Manjushree','6','370CS16023','21');
INSERT INTO STUDENTS VALUES('Manjushri','6','370CS16024','21');
INSERT INTO STUDENTS VALUES('Manoj','6','370CS16025','21');
INSERT INTO STUDENTS VALUES('Medha','6','370CS16026','21');
INSERT INTO STUDENTS VALUES('Meghana','6','370CS16027','21');
INSERT INTO STUDENTS VALUES('Mohammed','6','370CS16029','21');
INSERT INTO STUDENTS VALUES('Nikita','6','370CS16030','21');
INSERT INTO STUDENTS VALUES('Pooja','6','370CS16032','21');
INSERT INTO STUDENTS VALUES('Pramod','6','370CS16034','21');
INSERT INTO STUDENTS VALUES('Pratap','6','370CS16035','21');
INSERT INTO STUDENTS VALUES('Prateek','6','370CS16036','21');
INSERT INTO STUDENTS VALUES('Radha','6','370CS16037','21');
INSERT INTO STUDENTS VALUES('Raksha','6','370CS16038','21');
INSERT INTO STUDENTS VALUES('Rakshit','6','370CS16040','21');
INSERT INTO STUDENTS VALUES('Rosita','6','370CS16040','21');
INSERT INTO STUDENTS VALUES('Roystan','6','370CS16041','21');
INSERT INTO STUDENTS VALUES('Samartha','6','370CS16042','21');
INSERT INTO STUDENTS VALUES('Sangeeta','36','6','370CS16043','21');
INSERT INTO STUDENTS VALUES('Sharat','6','370CS16045','21');
INSERT INTO STUDENTS VALUES('Sharavati','6','370CS16046','21');
INSERT INTO STUDENTS VALUES('Shivaram','6','370CS16048','21');
INSERT INTO STUDENTS VALUES('Shriramachandra','6','370CS16051','21');
INSERT INTO STUDENTS VALUES('Shweta','6','370CS16052','21');
INSERT INTO STUDENTS VALUES('Shweta','6','370CS16053','21');
INSERT INTO STUDENTS VALUES('Sonali','6','370CS16054','21');
INSERT INTO STUDENTS VALUES('Subrahamanya','6','370CS16055','21');
INSERT INTO STUDENTS VALUES('Sushma','6','370CS16056','21');
INSERT INTO STUDENTS VALUES('Tejan','6','370CS16057','21');
INSERT INTO STUDENTS VALUES('Touhid','6','370CS16059','21');
INSERT INTO STUDENTS VALUES('Vageesh','6','370CS16060','21');
INSERT INTO STUDENTS VALUES('Yatin','6','370CS16061','21');
INSERT INTO STUDENTS VALUES('Prasanna','6','370CS16202','21');


INSERT INTO STAFF VALUES('GANESH','34','admin','15CS32T','21');
INSERT INTO STAFF VALUES('KUMAR','24','admin','15CE32T','15');
INSERT INTO STAFF VALUES('G.D','14','admin','15EC32T','24');
INSERT INTO STAFF VALUES('SHRIDHAR','12','admin','15ME32T','36');
INSERT INTO STAFF VALUES('PARKASH','61','admin','15AT32T','11');



INSERT INTO attendence VALUES('Darshan','370CS15007','0','20');
INSERT INTO attendence VALUES('Abhishek','370CS16001','0','20');
INSERT INTO attendence VALUES('Abhishek','370CS16002','0','20');
INSERT INTO attendence VALUES('Afsana','370CS16003','0','20');
INSERT INTO attendence VALUES('Akshata','370CS16004','0','20');
INSERT INTO attendence VALUES('Anita','370CS16007','0','20');
INSERT INTO attendence VALUES('Anusha','370CS16008','0','20');
INSERT INTO attendence VALUES('Bhavya','370CS16009','0','20');
INSERT INTO attendence VALUES('Chaitra','370CS16010','0','20');
INSERT INTO attendence VALUES('Deepesh','370CS16011','0','20');
INSERT INTO attendence VALUES('Divya','370CS16012','0','20');
INSERT INTO attendence VALUES('Faizan','370CS16013','0','20');
INSERT INTO attendence VALUES('Ideesh','370CS16016','0','20');
INSERT INTO attendence VALUES('Kamala','370CS16017','0','20');
INSERT INTO attendence VALUES('M','370CS16019','0','20');
INSERT INTO attendence VALUES('Mahesh','370CS16020','0','20');
INSERT INTO attendence VALUES('Malini','370CS16021','0','20');
INSERT INTO attendence VALUES('Mamata','370CS16022','0','20');
INSERT INTO attendence VALUES('Manjushree','370CS16023','0','20');
INSERT INTO attendence VALUES('Manjushri','370CS16024','0','20');
INSERT INTO attendence VALUES('Manoj','370CS16025','0','20');
INSERT INTO attendence VALUES('Medha','370CS16026','0','20');
INSERT INTO attendence VALUES('Meghana','370CS16027','0','20');
INSERT INTO attendence VALUES('Mohammed','370CS16029','0','20');
INSERT INTO attendence VALUES('Nikita','370CS16030','0','20');
INSERT INTO attendence VALUES('Pooja','370CS16032','0','20');
INSERT INTO attendence VALUES('Pramod','370CS16034','0','20');
INSERT INTO attendence VALUES('Pratap','370CS16035','0','20');
INSERT INTO attendence VALUES('Prateek','370CS16036','0','20');
INSERT INTO attendence VALUES('Radha','370CS16037','0','20');
INSERT INTO attendence VALUES('Raksha','370CS16038','0','20');
INSERT INTO attendence VALUES('Rakshit','370CS16040','0','20');
INSERT INTO attendence VALUES('Rosita','370CS16040','0','20');
INSERT INTO attendence VALUES('Roystan','370CS16041','0','20');
INSERT INTO attendence VALUES('Samartha','370CS16042','0','20');
INSERT INTO attendence VALUES('Sangeeta','36','370CS16043','0','20');
INSERT INTO attendence VALUES('Sharat','370CS16045','0','20');
INSERT INTO attendence VALUES('Sharavati','370CS16046','0','20');
INSERT INTO attendence VALUES('Shivaram','370CS16048','0','20');
INSERT INTO attendence VALUES('Shriramachandra','370CS16051','0','20');
INSERT INTO attendence VALUES('Shweta','370CS16052','0','20');
INSERT INTO attendence VALUES('Shweta','370CS16053','0','20');
INSERT INTO attendence VALUES('Sonali','370CS16054','0','20');
INSERT INTO attendence VALUES('Subrahamanya','370CS16055','0','20');
INSERT INTO attendence VALUES('Sushma','370CS16056','0','20');
INSERT INTO attendence VALUES('Tejan','370CS16057','0','20');
INSERT INTO attendence VALUES('Touhid','370CS16059','0','20');
INSERT INTO attendence VALUES('Vageesh','370CS16060','0','20');
INSERT INTO attendence VALUES('Yatin','370CS16061','0','20');
INSERT INTO attendence VALUES('Prasanna','370CS16202','0','20');





